Model,Details,Data Train,Data Test,Epochs,Batch Size,Loss,Accuracy
CNN,-,0.6,0.4,50.0,128.0,0.24313767497241498,0.9100714285714285
RNN,-,0.6,0.4,5.0,32.0,0.39871076950005124,0.8556071428571429
CNN,-,0.5,0.5,40.0,128.0,0.25501588055746893,0.9064571428707667
RNN,-,0.5,0.5,5.0,45.0,0.366390706879752,0.8643428571428572
CNN,-,0.6,0.4,40.0,128.0,0.25048673477768896,0.9085
RNN,-,0.6,0.4,5.0,45.0,0.45931236751590454,0.8229285714285715
CNN,-,0.5,0.5,50.0,150.0,0.2536168283155986,0.9071142857006618
RNN,-,0.5,0.5,7.0,32.0,0.33722620015484944,0.8740857142857142
